A Light in the Attic,<img src='images/Book1.jpg'/>
Tipping the Velvet,<img src='images/Book2.jpg'/>
Soumission,<img src='images/Book3.jpg'/>
Sharp Objects,<img src='images/Book4.jpg'/>
Sapiens: A Brief History of Humankind,<img src='images/Book5.jpg'/>
The Requiem Red,<img src='images/Book6.jpg'/>
The Dirty Little Secrets of Getting Your Dream Job,<img src='images/Book7.jpg'/>
"The Coming Woman: A Novel Based on the Life of the Infamous Feminist, Victoria Woodhull",<img src='images/Book8.jpg'/>
The Boys in the Boat: Nine Americans and Their Epic Quest for Gold at the 1936 Berlin Olympics,<img src='images/Book9.jpg'/>
The Black Maria,<img src='images/Book10.jpg'/>
"Starving Hearts (Triangular Trade Trilogy, #1)",<img src='images/Book11.jpg'/>
Shakespeare's Sonnets,<img src='images/Book12.jpg'/>
Set Me Free,<img src='images/Book13.jpg'/>
Scott Pilgrim's Precious Little Life (Scott Pilgrim #1),<img src='images/Book14.jpg'/>
Rip it Up and Start Again,<img src='images/Book15.jpg'/>
"Our Band Could Be Your Life: Scenes from the American Indie Underground, 1981-1991",<img src='images/Book16.jpg'/>
Olio,<img src='images/Book17.jpg'/>
Mesaerion: The Best Science Fiction Stories 1800-1849,<img src='images/Book18.jpg'/>
Libertarianism for Beginners,<img src='images/Book19.jpg'/>
It's Only the Himalayas,<img src='images/Book20.jpg'/>
A Light in the Attic,<img src='images/Book1.jpg'/>
Tipping the Velvet,<img src='images/Book2.jpg'/>
Soumission,<img src='images/Book3.jpg'/>
Sharp Objects,<img src='images/Book4.jpg'/>
Sapiens: A Brief History of Humankind,<img src='images/Book5.jpg'/>
The Requiem Red,<img src='images/Book6.jpg'/>
The Dirty Little Secrets of Getting Your Dream Job,<img src='images/Book7.jpg'/>
"The Coming Woman: A Novel Based on the Life of the Infamous Feminist, Victoria Woodhull",<img src='images/Book8.jpg'/>
The Boys in the Boat: Nine Americans and Their Epic Quest for Gold at the 1936 Berlin Olympics,<img src='images/Book9.jpg'/>
The Black Maria,<img src='images/Book10.jpg'/>
"Starving Hearts (Triangular Trade Trilogy, #1)",<img src='images/Book11.jpg'/>
Shakespeare's Sonnets,<img src='images/Book12.jpg'/>
Set Me Free,<img src='images/Book13.jpg'/>
Scott Pilgrim's Precious Little Life (Scott Pilgrim #1),<img src='images/Book14.jpg'/>
Rip it Up and Start Again,<img src='images/Book15.jpg'/>
"Our Band Could Be Your Life: Scenes from the American Indie Underground, 1981-1991",<img src='images/Book16.jpg'/>
Olio,<img src='images/Book17.jpg'/>
Mesaerion: The Best Science Fiction Stories 1800-1849,<img src='images/Book18.jpg'/>
Libertarianism for Beginners,<img src='images/Book19.jpg'/>
It's Only the Himalayas,<img src='images/Book20.jpg'/>
